{"train/eps": 0, "train/objective/kl": 178.14266967773438, "train/objective/entropy": 461.2042236328125, "train/objective/non_score_reward": -8.907133102416992, "train/objective/rlhf_reward": -9.907133102416992, "train/objective/scores": -1.0, "train/policy/approxkl_avg": 0.007374444976449013, "train/policy/clipfrac_avg": 0.045106131583452225, "train/loss/policy_avg": 0.0036392780020833015, "train/loss/value_avg": 3.2544593811035156, "train/val/clipfrac_avg": 0.13237029314041138, "train/policy/entropy_avg": 8.705202102661133, "train/val/ratio": 1.0015206336975098, "train/val/ratio_var": 0.000324172229738906, "train/val/num_eos_tokens": 0, "train/lr": 2.846153846153846e-06, "train/episode": 512, "train/epoch": 0.0031840796019900496, "train/global_step": 0, "_timestamp": 1717861670.1754866, "_runtime": 525.3895406723022, "_step": 8, "completions": {"_type": "table-file", "sha256": "e41b285c1d3020322fde8a21b4b666f5e7c1a05f9df232738546517e86b791d1", "size": 15076, "artifact_path": "wandb-client-artifact://h9mm07h6qijshc8jhepmezqw1urega4e80vvpe4blmzqcszgzwxqhpa5yw18nsr7hx9bqck54bxxtcvik011xhdppsyzputse80hcbs3nws3unohpgq3sdh2fe9k8251/completions.table.json", "_latest_artifact_path": "wandb-client-artifact://q97qzgpy3i1azlr46t31ae3k6rk709x6m71oo9rfb8z6iqtter6fjecxephf1wgv5zv56zfrjhviiuql2vtg9pflz952g2rys40zyfculzczzbey7ezw7v1sjnro2xoh:latest/completions.table.json", "path": "media/table/completions_1_e41b285c1d3020322fde.table.json", "ncols": 3, "nrows": 32}, "_wandb": {"runtime": 575}}