{"train/eps": 0, "train/objective/kl": 177.48785400390625, "train/objective/entropy": 460.02777099609375, "train/objective/non_score_reward": -8.87439250946045, "train/objective/rlhf_reward": -9.89001750946045, "train/objective/scores": -1.015625, "train/policy/approxkl_avg": 0.009478277526795864, "train/policy/clipfrac_avg": 0.06485848873853683, "train/loss/policy_avg": 0.003462778404355049, "train/loss/value_avg": 4.372628211975098, "train/val/clipfrac_avg": 0.16715800762176514, "train/policy/entropy_avg": 8.705081939697266, "train/val/ratio": 1.0014067888259888, "train/val/ratio_var": 0.00039696114254184067, "train/val/num_eos_tokens": 1, "train/lr": 2.903846153846154e-06, "train/episode": 320, "train/epoch": 0.001990049751243781, "train/global_step": 0, "_timestamp": 1717857115.246046, "_runtime": 298.45491909980774, "_step": 5, "completions": {"_type": "table-file", "sha256": "b23e5a92d1f6c28c3342cd2268c248954f1f5afbe4c2b201d76b9c2c77674861", "size": 15414, "artifact_path": "wandb-client-artifact://0o0jlvoaf27p50lrbkfwlx3nke0arwf636hh5ky1o04jzuiqtcqwij97hzvgd0ytgayrin3x6kul9wsj14buk96fgqw3obiirj89hwebtvaydrk3oup2aplel1yq45ja/completions.table.json", "_latest_artifact_path": "wandb-client-artifact://n0oi362df9liljpy9mbmojz6w8vb3b6ptg2s36l5tdvnudnqgviuoex4i7izbkwp4xdr3ldke4et8fou20oyw5q2se4z07t5ug03q9ms67n6hpsp68yn7904tgi8sqv8:latest/completions.table.json", "path": "media/table/completions_1_b23e5a92d1f6c28c3342.table.json", "ncols": 3, "nrows": 32}, "_wandb": {"runtime": 299}}