{"train/eps": 0, "train/objective/kl": 0.9755512475967407, "train/objective/entropy": 175.3783721923828, "train/objective/non_score_reward": -0.048777565360069275, "train/objective/rlhf_reward": 0.7388200759887695, "train/objective/scores": 0.7890625, "train/policy/approxkl_avg": 0.0010846584336832166, "train/policy/clipfrac_avg": 0.00274658203125, "train/loss/policy_avg": -0.00032902020029723644, "train/loss/value_avg": 0.1797035038471222, "train/val/clipfrac_avg": 0.0264892578125, "train/policy/entropy_avg": 0.6773908138275146, "train/val/ratio": 1.000226378440857, "train/val/ratio_var": 7.7671838880633e-06, "train/val/num_eos_tokens": 16, "train/lr": 2.903846153846154e-06, "train/episode": 320, "train/epoch": 0.001990049751243781, "train/global_step": 0, "_timestamp": 1717916220.7581587, "_runtime": 869.7834346294403, "_step": 5, "completions": {"_type": "table-file", "sha256": "7abe1e5a713d01a3d1db5829d00e1676ade7573559730d1360b4353f8defd79a", "size": 33877, "artifact_path": "wandb-client-artifact://snbxpkk4gwz69vjf78q5r5cvjv6lq22vo5myrnibfqqxkwpoyiqr7ou2prbo4b6ivu9o1e3hzwpz1jeb692njghisqdsxmfa19ulvm5blo680jhkf6v6ujje2rdjrg9g/completions.table.json", "_latest_artifact_path": "wandb-client-artifact://1mklk0eociwmgcswobakilx8extrrffc8p8lfqvp3yatlhjgagtpuqvjqqrq458sjtxp94a70ogtys6yvz9k3pkga50bqlung206cr1fshsy1cnvwjedjlaaefduc6l1:latest/completions.table.json", "path": "media/table/completions_1_7abe1e5a713d01a3d1db.table.json", "ncols": 3, "nrows": 32}, "_wandb": {"runtime": 1049}}