{"train/eps": 0, "train/objective/kl": 0.08013603836297989, "train/objective/entropy": 5.670567512512207, "train/objective/non_score_reward": -0.004006802104413509, "train/objective/rlhf_reward": 0.5907197594642639, "train/objective/scores": 0.59375, "train/policy/approxkl_avg": 0.0007020857883617282, "train/policy/clipfrac_avg": 0.0024927370250225067, "train/loss/policy_avg": -0.09981097280979156, "train/loss/value_avg": 0.7102079391479492, "train/val/clipfrac_avg": 0.16566838324069977, "train/policy/entropy_avg": 0.680168867111206, "train/val/ratio": 0.9997335076332092, "train/val/ratio_var": 1.1220754458918236e-05, "train/val/num_eos_tokens": 12, "train/lr": 2.9807692307692307e-06, "train/episode": 64, "train/epoch": 0.0003980099502487562, "train/global_step": 0, "_timestamp": 1717946612.88424, "_runtime": 10.71442985534668, "_step": 1, "completions": {"_type": "table-file", "sha256": "2702b0feb7e236ee5c10e895b8d0cf16641929829903f376850180c1dc6362d8", "size": 18387, "artifact_path": "wandb-client-artifact://5vcf8ks4h3lvtqvjkt67dksob1kuled59nmb6cbxoidb12jrt4brcg3frrmraudse5udbg2k3dcv9u2q7w6691rwczel7a5arxx57k6lkwzrz0q2xxz5zll43j5snxbs/completions.table.json", "_latest_artifact_path": "wandb-client-artifact://sc08svyy4tgtc2hwcyag65vr69kc2baw5rmy5gr7md4pbh5vqhyfdej24chv1wyn35ijq17li24xm7em0ds5jzjommrg139z0ur13lz8tp1oww18ordjnf797u0xrvbd:latest/completions.table.json", "path": "media/table/completions_1_2702b0feb7e236ee5c10.table.json", "ncols": 3, "nrows": 32}, "_wandb": {"runtime": 52}}