{"train/eps": 0, "train/objective/kl": 12.962030410766602, "train/objective/entropy": -78.59452819824219, "train/objective/non_score_reward": -0.6481015086174011, "train/objective/rlhf_reward": 0.11068755388259888, "train/objective/scores": 0.7578125, "train/policy/approxkl_avg": 8.80581937963143e-05, "train/policy/clipfrac_avg": 0.000937500037252903, "train/loss/policy_avg": -0.028754711151123047, "train/loss/value_avg": 0.08441171795129776, "train/val/clipfrac_avg": 0.0, "train/policy/entropy_avg": 0.6934244632720947, "train/val/ratio": 0.9999003410339355, "train/val/ratio_var": 9.654775112721836e-07, "train/val/num_eos_tokens": 17, "train/lr": 0.0, "train/episode": 9984, "train/epoch": 0.06208955223880597, "train/global_step": 0, "_timestamp": 1717964668.6193244, "_runtime": 17849.523674488068, "_step": 167, "completions": {"_type": "table-file", "sha256": "dd413de5aae5c7122f38d2bf653b42cd5e62974876244edefd4c41573bda180f", "size": 5323322, "artifact_path": "wandb-client-artifact://50ubl4tbrj2zfpfing3g18yfkytfes7pq5iiq06jm88iqcmdc6lse1e417tbwpouhe5y0hmaz251q9g2ba8qwa9x7nupgqgcj376iqc6pos4pltp6m1q7i0pwrpxi7gn/completions.table.json", "_latest_artifact_path": "wandb-client-artifact://lh1otzwyntywkcytvkr7oah2h06jqx25lm0qlwug4bpk0ub6ky6zbuddp0c1pk9hutql3ytj26p2rscu26pi0i8jqcgcrtqrlh7c0odyy2dtda7a1duj4ceiz2zuswa7:latest/completions.table.json", "path": "media/table/completions_167_dd413de5aae5c7122f38.table.json", "ncols": 3, "nrows": 8544}, "_wandb": {"runtime": 17849}}