{"train/eps": 0, "train/objective/kl": 1.6903640031814575, "train/objective/entropy": 70.68063354492188, "train/objective/non_score_reward": -0.0845181941986084, "train/objective/rlhf_reward": -0.5478971004486084, "train/objective/scores": -0.462890625, "train/policy/approxkl_avg": 0.001026799320243299, "train/policy/clipfrac_avg": 0.003124999813735485, "train/loss/policy_avg": -0.0003109229728579521, "train/loss/value_avg": 0.053071267902851105, "train/val/clipfrac_avg": 0.0, "train/policy/entropy_avg": 0.7243139743804932, "train/val/ratio": 1.0000190734863281, "train/val/ratio_var": 2.657431468833238e-05, "train/val/num_eos_tokens": 14, "train/lr": 1.9230769230769234e-06, "train/episode": 3584, "train/epoch": 0.02228855721393035, "train/global_step": 0, "_timestamp": 1717928617.5645266, "_runtime": 5668.627156496048, "_step": 59, "completions": {"_type": "table-file", "sha256": "5b8adcc97da489f1024498581ad12af1ea012c771fa54982725efac78f7785ac", "size": 14851, "artifact_path": "wandb-client-artifact://9nb512u4ili3wonctg8fzfjmxuts7s7estgebqjbq00n7qv3s2t5x9xw8n7fng5udf7guw28yndbjelohve4iezsxlsbelcgsr2l7a4k3ywkmk05dxl5tgicvwl384xd/completions.table.json", "_latest_artifact_path": "wandb-client-artifact://w45cw29b72kopt9deq8gss1afzubf2r1luehuzrnmkdcviwpv6vgq4glpfazbzx9z937q10wuarrkw8906ld2b49mvk33srnlri4odtp0r0ky1kat27an70tdbkvzew4:latest/completions.table.json", "path": "media/table/completions_49_5b8adcc97da489f10244.table.json", "ncols": 3, "nrows": 32}, "_wandb": {"runtime": 5736}}