{"train/eps": 0, "train/objective/kl": 0.05458758398890495, "train/objective/entropy": -1.5123834609985352, "train/objective/non_score_reward": -0.0027293788734823465, "train/objective/rlhf_reward": 0.9171925187110901, "train/objective/scores": 0.921875, "train/policy/approxkl_avg": 0.0006974372081458569, "train/policy/clipfrac_avg": 0.0022602658718824387, "train/loss/policy_avg": -0.2697450518608093, "train/loss/value_avg": 0.9296036958694458, "train/val/clipfrac_avg": 0.25383102893829346, "train/policy/entropy_avg": 0.6893199682235718, "train/val/ratio": 0.9993840456008911, "train/val/ratio_var": 1.406986302754376e-05, "train/val/num_eos_tokens": 10, "train/lr": 2.961538461538462e-06, "train/episode": 128, "train/epoch": 0.0007960199004975124, "train/global_step": 0, "_timestamp": 1717929332.0702708, "_runtime": 115.95486569404602, "_step": 2, "completions": {"_type": "table-file", "sha256": "0560e3a5fd49465eea8b6aa95b226d3672bfa019d09c7dd46d98954b7d8b1483", "size": 18566, "artifact_path": "wandb-client-artifact://xf808jg4vf5tfydfoyjhvfctfwfgb889h2vtud1k11vdtcwsun1yqgwm2w4kox17f5q0yq94riufydluza7ksbv4mpndernbcdkgd5nf051g8befcwqz0h6dte5mnot6/completions.table.json", "_latest_artifact_path": "wandb-client-artifact://3knolro2ygq1ifzr54m5npaeyccfuynxf7hkthpvleyjt4ba6up3ttff4ghnovv4cyhnma1o4ouhai3f46it6fan8q06hgz7vwjq6mv0sbcft88mrdegvoh8dm2vbgqd:latest/completions.table.json", "path": "media/table/completions_1_0560e3a5fd49465eea8b.table.json", "ncols": 3, "nrows": 32}, "_wandb": {"runtime": 207}}