{"train/eps": 0, "train/objective/kl": 0.030781211331486702, "train/objective/entropy": 3.112910747528076, "train/objective/non_score_reward": -0.0015390603803098202, "train/objective/rlhf_reward": 0.47429102659225464, "train/objective/scores": 0.4765625, "train/policy/approxkl_avg": 0.0006864885799586773, "train/policy/clipfrac_avg": 0.0013136017369106412, "train/loss/policy_avg": -0.12298566848039627, "train/loss/value_avg": 0.5649632811546326, "train/val/clipfrac_avg": 0.13918563723564148, "train/policy/entropy_avg": 0.6942464113235474, "train/val/ratio": 0.9999629259109497, "train/val/ratio_var": 9.965952813217882e-06, "train/val/num_eos_tokens": 10, "train/lr": 2.9807692307692307e-06, "train/episode": 64, "train/epoch": 0.0003980099502487562, "train/global_step": 0, "_timestamp": 1717929595.2413754, "_runtime": 11.025513410568237, "_step": 1, "completions": {"_type": "table-file", "sha256": "0763c9700912d93278d30d54de281635aafac939297e11f8cc349ced5ff276d8", "size": 18393, "artifact_path": "wandb-client-artifact://teylglx739wfqzs3js16ek3ry6pmwt7tnqqb0nvkz830f3gpaj2lc4t5g77qdy2jxp7jxbi14x4k81hqh5jhlrr9digh3cc7b4jxz4ag4ir65mbevt2yvu6a4obnrrsx/completions.table.json", "_latest_artifact_path": "wandb-client-artifact://mdaorncq3bcnkv3t2h0d2png5rinh4sz6vz8pvmk53lqqkdy844edom1tb0mk5t2o4ulcig08qirx2n7xv8irh7apg8yybb9fzsi5fy3l6nm17cglo6ecb8adrsdpnrb:latest/completions.table.json", "path": "media/table/completions_1_0763c9700912d93278d3.table.json", "ncols": 3, "nrows": 32}, "_wandb": {"runtime": 61}}