{"train/eps": 0, "train/objective/kl": 0.03321879729628563, "train/objective/entropy": -4.915368556976318, "train/objective/non_score_reward": -0.0016609403537586331, "train/objective/rlhf_reward": -0.964551568031311, "train/objective/scores": -0.9609375, "train/policy/approxkl_avg": 0.000698513351380825, "train/policy/clipfrac_avg": 0.0027126760687679052, "train/loss/policy_avg": 0.2927856743335724, "train/loss/value_avg": 3.830522060394287, "train/val/clipfrac_avg": 0.3120972216129303, "train/policy/entropy_avg": 0.7009943723678589, "train/val/ratio": 0.9998597502708435, "train/val/ratio_var": 9.872652299236506e-06, "train/val/num_eos_tokens": 10, "train/lr": 2.961538461538462e-06, "train/episode": 128, "train/epoch": 0.0007960199004975124, "train/global_step": 0, "_timestamp": 1717928964.238513, "_runtime": 120.09408807754517, "_step": 2, "completions": {"_type": "table-file", "sha256": "5b3625bfc30cda185e52e51337c8ac21656c5eb4cd207b925b42b1af9e2662ce", "size": 18591, "artifact_path": "wandb-client-artifact://qebt1fwtlyyz9oz7vgskruj3m3horva9pnmqytuxmq1hrj0t58pd2ehha08ik7xy7m868i4v08yabrexcushernvzdis2fdyjt0y3ad27lrwjsd0exybeu2x8uzd5ced/completions.table.json", "_latest_artifact_path": "wandb-client-artifact://am6e4z607iyonh9z9yzvw0u3wydtq08k0k6szjb9t3vz63f1ah4ro33itc3rp6u9friiwo2htmi3awrce67vi7aq95pm0li2b1l4l44xop242k66nf3o7bin4m25ms7d:latest/completions.table.json", "path": "media/table/completions_1_5b3625bfc30cda185e52.table.json", "ncols": 3, "nrows": 32}, "_wandb": {"runtime": 186}}