{"train/eps": 0, "train/objective/kl": 0.5285907983779907, "train/objective/entropy": 173.2755889892578, "train/objective/non_score_reward": -0.026429541409015656, "train/objective/rlhf_reward": 1.588804841041565, "train/objective/scores": 1.6171875, "train/policy/approxkl_avg": 0.0010139772202819586, "train/policy/clipfrac_avg": 0.0025634765625, "train/loss/policy_avg": -7.31050968170166e-05, "train/loss/value_avg": 0.6157189607620239, "train/val/clipfrac_avg": 0.175048828125, "train/policy/entropy_avg": 0.6831104755401611, "train/val/ratio": 0.9995114207267761, "train/val/ratio_var": 6.360883162415121e-06, "train/val/num_eos_tokens": 20, "train/lr": 2.942307692307692e-06, "train/episode": 192, "train/epoch": 0.0011940298507462687, "train/global_step": 0, "_timestamp": 1717918368.9378965, "_runtime": 434.3171555995941, "_step": 3, "completions": {"_type": "table-file", "sha256": "2bd39ba5884a9415f60304c660c55d52df5800aa0dc085270caea6f719ae1426", "size": 33594, "artifact_path": "wandb-client-artifact://zqi3kaofp7xkncbcca9t16kznl1tse356nchl1enxwi5xu4qo2mmk1yt9y047q3t6t884ozai4wk2fasw04k1anp39t79vw3r78pthjcp4ald4v3w0p0fccupyzi9jbg/completions.table.json", "_latest_artifact_path": "wandb-client-artifact://26afcr06nza979421evfdk74uyv5unze17h7yc9b2mvozsid6x48awc3fw4vdxe0ufx6d9a9k4jgsy3z7vdkyr2cxqop7zaj8kcs3s8epf8m5uwypyrji3moa5cxu0c3:latest/completions.table.json", "path": "media/table/completions_1_2bd39ba5884a9415f603.table.json", "ncols": 3, "nrows": 32}}