{"train/eps": 0, "train/objective/kl": 0.6012612581253052, "train/objective/entropy": 169.92819213867188, "train/objective/non_score_reward": -0.03006306290626526, "train/objective/rlhf_reward": 1.7394680976867676, "train/objective/scores": 1.765625, "train/policy/approxkl_avg": 0.0009947940707206726, "train/policy/clipfrac_avg": 0.00250244140625, "train/loss/policy_avg": 0.00014927051961421967, "train/loss/value_avg": 0.4082821309566498, "train/val/clipfrac_avg": 0.16973876953125, "train/policy/entropy_avg": 0.6513334512710571, "train/val/ratio": 0.9999022483825684, "train/val/ratio_var": 6.6888555920741055e-06, "train/val/num_eos_tokens": 19, "train/lr": 2.903846153846154e-06, "train/episode": 320, "train/epoch": 0.001990049751243781, "train/global_step": 0, "_timestamp": 1717918789.0486522, "_runtime": 854.4279112815857, "_step": 5, "completions": {"_type": "table-file", "sha256": "2bd39ba5884a9415f60304c660c55d52df5800aa0dc085270caea6f719ae1426", "size": 33594, "artifact_path": "wandb-client-artifact://zqi3kaofp7xkncbcca9t16kznl1tse356nchl1enxwi5xu4qo2mmk1yt9y047q3t6t884ozai4wk2fasw04k1anp39t79vw3r78pthjcp4ald4v3w0p0fccupyzi9jbg/completions.table.json", "_latest_artifact_path": "wandb-client-artifact://26afcr06nza979421evfdk74uyv5unze17h7yc9b2mvozsid6x48awc3fw4vdxe0ufx6d9a9k4jgsy3z7vdkyr2cxqop7zaj8kcs3s8epf8m5uwypyrji3moa5cxu0c3:latest/completions.table.json", "path": "media/table/completions_1_2bd39ba5884a9415f603.table.json", "ncols": 3, "nrows": 32}}