{"train/eps": 0, "train/objective/kl": 1.617271900177002, "train/objective/entropy": -34.81454849243164, "train/objective/non_score_reward": -0.0808635950088501, "train/objective/rlhf_reward": 1.32245671749115, "train/objective/scores": 1.40625, "train/policy/approxkl_avg": 0.00042733538430184126, "train/policy/clipfrac_avg": 0.0037822420708835125, "train/loss/policy_avg": -0.047346778213977814, "train/loss/value_avg": 0.31515371799468994, "train/val/clipfrac_avg": 0.036472760140895844, "train/policy/entropy_avg": 0.7170705795288086, "train/val/ratio": 1.0002639293670654, "train/val/ratio_var": 7.740791261312552e-06, "train/val/num_eos_tokens": 17, "train/lr": 2.826923076923077e-06, "train/episode": 576, "train/epoch": 0.003582089552238806, "train/global_step": 0, "_timestamp": 1717930706.0175798, "_runtime": 894.6285758018494, "_step": 9, "completions": {"_type": "table-file", "sha256": "96478f7372d2f64ea6381ccdf250f6a759dd28e05812623fe8183769ed142580", "size": 18407, "artifact_path": "wandb-client-artifact://hopcwzhruma1po0hnks3f8qf2mvr4kfucl604cz2swuc8kkb9ejqpympgns8bc8y4yt061f2y8q1pg0j8v1uwzajvw71bkfdfficuu0l193rcdx6j0t158lm25cvcvls/completions.table.json", "_latest_artifact_path": "wandb-client-artifact://96tn3cisq8vfjiojzffpwnn5y9m9m4ar9ko0i8rbhkjazrd6iilk69uyixpysf5rx4vejqchgzio40jm1j30zten96ckvygui3980yebenvl8jzzctwm62rj85nhidd3:latest/completions.table.json", "path": "media/table/completions_1_96478f7372d2f64ea638.table.json", "ncols": 3, "nrows": 32}, "_wandb": {"runtime": 896}}