{"train/eps": 0, "train/objective/kl": 0.14216792583465576, "train/objective/entropy": 81.65150451660156, "train/objective/non_score_reward": -0.007108395919203758, "train/objective/rlhf_reward": -2.909452199935913, "train/objective/scores": -2.90625, "train/policy/approxkl_avg": 0.001184612512588501, "train/policy/clipfrac_avg": 0.0031250000465661287, "train/loss/policy_avg": -0.0005188439972698689, "train/loss/value_avg": 0.477810800075531, "train/val/clipfrac_avg": 0.1471875011920929, "train/policy/entropy_avg": 0.8154869675636292, "train/val/ratio": 1.0007737874984741, "train/val/ratio_var": 2.091287933581043e-05, "train/val/num_eos_tokens": 9, "train/lr": 2.942307692307692e-06, "train/episode": 192, "train/epoch": 0.0011940298507462687, "train/global_step": 0, "_timestamp": 1717922208.4751577, "_runtime": 227.200368642807, "_step": 3, "completions": {"_type": "table-file", "sha256": "912206a9a93199f12b43f75b83e8c8b9117b806677d33e7bc27c100eb54f68a9", "size": 14657, "artifact_path": "wandb-client-artifact://ph5ujry2bcf5re7g91z6x1dft0m8v8uxp5vce8d2qa8tfg2u566rfkze5jq3e9lu0tuvbby2fal3u9nmr8z4d35s402batn6f2t2m8im1828nqjfo6u5ynak8e1w1ixe/completions.table.json", "_latest_artifact_path": "wandb-client-artifact://0m8bv0om41v95hy6cktw15q0hh0vzwtt9tnzxtw1alnaefzt65pw1gv6zoybizyw0r3e065t2gqny918do05bripzehdayux3id74mz2rei9jvaea2en5h628portkwt:latest/completions.table.json", "path": "media/table/completions_1_912206a9a93199f12b43.table.json", "ncols": 3, "nrows": 32}, "_wandb": {"runtime": 261}}