{"train/eps": 0, "train/objective/kl": 0.9414219856262207, "train/objective/entropy": 59.55680847167969, "train/objective/non_score_reward": -0.047071103006601334, "train/objective/rlhf_reward": -1.0705087184906006, "train/objective/scores": -1.0234375, "train/policy/approxkl_avg": 0.000892877927981317, "train/policy/clipfrac_avg": 0.00147405662573874, "train/loss/policy_avg": -0.0006311945617198944, "train/loss/value_avg": 0.006018206477165222, "train/val/clipfrac_avg": 0.0, "train/policy/entropy_avg": 1.1078271865844727, "train/val/ratio": 0.9987021684646606, "train/val/ratio_var": 2.7612944904831238e-05, "train/val/num_eos_tokens": 0, "train/lr": 8.653846153846153e-07, "train/episode": 7104, "train/epoch": 0.04417910447761194, "train/global_step": 0, "_timestamp": 1717852297.0830948, "_runtime": 8140.496700763702, "_step": 118, "completions": {"_type": "table-file", "sha256": "393cf7c9440f3855d63f7a0f20571243c9020ec9e2456ca42f586aacfebddcfb", "size": 8769, "artifact_path": "wandb-client-artifact://mqqf2kwelc5jdm064rjaj0x4c5f5sdsf0bs3jwz7ffn719xbaeel99r3qm3kproxw2j81edpz80lxo0bc8t4a05c12ql03o0sdqs7nnoe4tba9e7iah10nnajtfo7zxx/completions.table.json", "_latest_artifact_path": "wandb-client-artifact://v3srs8eshzbsg2wy98cjz5oeyz7blwaaymkwxrnto90drlnu3tgqw9ht6lsmyxb93tdadbkmmx4ggasgoevmguwn7hfav3t8egt334wgvy40b83b3lg49qp9kj3a2x2w:latest/completions.table.json", "path": "media/table/completions_113_393cf7c9440f3855d63f.table.json", "ncols": 3, "nrows": 32}, "_wandb": {"runtime": 8168}}