{"train/eps": 0, "train/objective/kl": 0.23743712902069092, "train/objective/entropy": 177.219482421875, "train/objective/non_score_reward": -0.011871857568621635, "train/objective/rlhf_reward": -0.357086718082428, "train/objective/scores": -0.345703125, "train/policy/approxkl_avg": 0.0011104056611657143, "train/policy/clipfrac_avg": 0.0028076171875, "train/loss/policy_avg": 0.0001968039432540536, "train/loss/value_avg": 0.3728230595588684, "train/val/clipfrac_avg": 0.0374755859375, "train/policy/entropy_avg": 0.6928519606590271, "train/val/ratio": 0.9998671412467957, "train/val/ratio_var": 8.759041520534083e-06, "train/val/num_eos_tokens": 26, "train/lr": 2.9807692307692307e-06, "train/episode": 64, "train/epoch": 0.0003980099502487562, "train/global_step": 0, "_timestamp": 1717916925.6954572, "_runtime": 17.305029153823853, "_step": 1, "completions": {"_type": "table-file", "sha256": "b8fe9f3e6ef96d309d9789ec17d7c5701c90ddb36ab6827260ef9ebea6d45bb5", "size": 33292, "artifact_path": "wandb-client-artifact://2zb2fi3iy0hq9gs1ra4dyau0pi012da1w3fr8v5r6j7ne6vkkaqsm7eyqiwd8y7p97porpvd7fbdcar34e1b2ood6yvndcr1dhho1ylvyyts3u074j8p719i4m8zksxy/completions.table.json", "_latest_artifact_path": "wandb-client-artifact://mitvno6wfiu1svzkcowhvothowovf3simu6gzkp4iqk190znfkxpgdaaupqxydg24a4p5ftirsix4sqg6ac44924kz9hokzm0wcu5ljvk8qlipvvxu25rookdsw7os8i:latest/completions.table.json", "path": "media/table/completions_1_b8fe9f3e6ef96d309d97.table.json", "ncols": 3, "nrows": 32}}