{"train/eps": 0, "train/objective/kl": 0.11377283185720444, "train/objective/entropy": 77.08079528808594, "train/objective/non_score_reward": -0.005688641685992479, "train/objective/rlhf_reward": -1.2107667922973633, "train/objective/scores": -1.203125, "train/policy/approxkl_avg": 0.0011363995727151632, "train/policy/clipfrac_avg": 0.002968749962747097, "train/loss/policy_avg": 0.00102077960036695, "train/loss/value_avg": 0.3083946108818054, "train/val/clipfrac_avg": 0.0885937511920929, "train/policy/entropy_avg": 0.7795250415802002, "train/val/ratio": 1.0004956722259521, "train/val/ratio_var": 2.2259844627114944e-05, "train/val/num_eos_tokens": 10, "train/lr": 2.961538461538462e-06, "train/episode": 128, "train/epoch": 0.0007960199004975124, "train/global_step": 0, "_timestamp": 1717920554.1024725, "_runtime": 115.41280746459961, "_step": 2, "completions": {"_type": "table-file", "sha256": "0917569abc424040db2850af010c25ff5e8c312cf6447d7c000c35f727576484", "size": 15006, "artifact_path": "wandb-client-artifact://mlh1csa2eh9w6pdb46zmxcdfrag712mh0srqwzszvrm8c8t0ggk3bokyeevc24ts068v54vksjj892t7d7laek9iiv8028gunkyvp4h7mqjdfbvmxrqtpd0mvtaooc92/completions.table.json", "_latest_artifact_path": "wandb-client-artifact://aycyup5jleo1yz1435aw1rx0au7ip963k148m6n69cnotucbj095ac52t1xopjposv5tutfeqpx3vzk7ivkrs1tmokuk9tfb4fsujddjxhg7obwb8l3acnjvrbc6cyfx:latest/completions.table.json", "path": "media/table/completions_1_0917569abc424040db28.table.json", "ncols": 3, "nrows": 32}, "_wandb": {"runtime": 175}}