{"train/eps": 0, "train/objective/kl": 0.631548285484314, "train/objective/entropy": 45.578819274902344, "train/objective/non_score_reward": -0.03157741576433182, "train/objective/rlhf_reward": -0.3310158848762512, "train/objective/scores": -0.298828125, "train/policy/approxkl_avg": 0.001217990997247398, "train/policy/clipfrac_avg": 0.002063679276034236, "train/loss/policy_avg": 4.058703780174255e-06, "train/loss/value_avg": 0.150712251663208, "train/val/clipfrac_avg": 0.005011792294681072, "train/policy/entropy_avg": 0.8609750866889954, "train/val/ratio": 1.000921368598938, "train/val/ratio_var": 6.059665611246601e-05, "train/val/num_eos_tokens": 9, "train/lr": 2.7692307692307693e-06, "train/episode": 768, "train/epoch": 0.004776119402985075, "train/global_step": 0, "_timestamp": 1717915023.3286476, "_runtime": 827.3649506568909, "_step": 12, "completions": {"_type": "table-file", "sha256": "fdc37fe57f2f55534a02987e8467823ed22ab504c642cad34b0ec070d93aab39", "size": 8962, "artifact_path": "wandb-client-artifact://8shvz906cvi8zue3ec2iw24dbbxfk498uda3dzj4d9r2rqso6dl0y5niz32tbu82dzv5qbem5q4j8s2wbsm946g4ke9pjya7taee21oi8n9xbm2dlb7dliild8pfi0wf/completions.table.json", "_latest_artifact_path": "wandb-client-artifact://5qxb6tvcn9bjezcwm447k1fksrmhqo7djo9r28g1ppy5evfu8b3z6c8z32k01ml9ytvoh5pfy8iqr4ria7xfde0vtb0ic8hlz3tj4kt87hpx3isfjap24lz9kjze7auf:latest/completions.table.json", "path": "media/table/completions_1_fdc37fe57f2f55534a02.table.json", "ncols": 3, "nrows": 32}, "_wandb": {"runtime": 837}}