{"train/eps": 0, "train/objective/kl": 0.07912062853574753, "train/objective/entropy": 57.8058967590332, "train/objective/non_score_reward": -0.003956031519919634, "train/objective/rlhf_reward": -0.9785654544830322, "train/objective/scores": -0.9765625, "train/policy/approxkl_avg": 0.0010573300532996655, "train/policy/clipfrac_avg": 0.00147405662573874, "train/loss/policy_avg": 0.0008141817525029182, "train/loss/value_avg": 0.8231953382492065, "train/val/clipfrac_avg": 0.14740565419197083, "train/policy/entropy_avg": 1.1126759052276611, "train/val/ratio": 1.0004587173461914, "train/val/ratio_var": 3.9473572542192414e-05, "train/val/num_eos_tokens": 1, "train/lr": 2.961538461538462e-06, "train/episode": 128, "train/epoch": 0.0007960199004975124, "train/global_step": 0, "_timestamp": 1717839272.325796, "_runtime": 84.18760895729065, "_step": 2, "completions": {"_type": "table-file", "sha256": "b0d750d6597d52b86c4f6160b7d4904e09314190e5e23f0a7455076950081833", "size": 8796, "artifact_path": "wandb-client-artifact://31js0phtzpdz14nej08ffm2ac9g16i7mtg6cuzbtdbitgzgqcqc9ujivi3rhd62s53xrwjtiqq0cuxl1025dtobulv5u3bwars016eo5mpu6ws9z6tjf3en4q5nym2wb/completions.table.json", "_latest_artifact_path": "wandb-client-artifact://t5lud7i06cyvb8eta38x9etoi7ytoz0i1zouajqbn657lho463x1f8el56m9sfdcv1moc8ne5zpvshut49itkkdov94g257fgmg6yat7a0s6wh0ke0z489x9a23jgf3s:latest/completions.table.json", "path": "media/table/completions_1_b0d750d6597d52b86c4f.table.json", "ncols": 3, "nrows": 32}, "_wandb": {"runtime": 157}}